"","Time","Int_med","Int_10","Int_90","CR_mL_ugC_d_med","CR_mL_ugC_d_10","CR_mL_ugC_d_90","CR_L_ugC_d_med","CR_L_ugC_d_10","CR_L_ugC_d_90"
"1","EarlyAug",0.237297435022063,0.218341779701296,0.256368235279463,0.558452749135621,0.189706185254386,0.865412651516325,0.000558452749135621,0.000189706185254386,0.000865412651516325
"2","EarlySep",0.321883626153081,0.309104658154375,0.331557481598382,0.682531595038913,0.582128415301641,0.770101755514874,0.000682531595038913,0.000582128415301641,0.000770101755514874
